"LGA","ANC_ref","FP_ref","lb","deaths","wra","ANC_ref_scaled","FP_ref_scaled","MMR","avgRepRate","anyEd","second.plus","higherEd","tt_mean_unweighted","tt_median_unweighted","ANC.1st","ANC.4th","ANC.8th"
"Birnin_Gwari",394.444444444444,210,3815,27,104536.765625,3.77326046091207,2.00886261158417,707.732634338139,1.03333333333333,0.183072535924493,17.7401351135592,3.37815089672914,36.2639198303223,36.2639198303223,17.78640578955,12.5652762019184,7.280373198046
"Chikun",1077.88888888889,1505.94444444444,10241,18,170963.0625,6.30480568800579,8.80859539144278,175.764085538522,0.994791666666667,0.947582075327653,88.7817175059086,36.7652828928082,29.9046268463135,29.9046268463135,11.0195343121754,3.20030142963386,0.86529412359663
"Giwa",337.111111111111,407.722222222222,2434,40,99384.4609375,3.39199013539059,4.10247455564132,1643.38537387017,0.621621621621622,0.25805777615753,14.3423666087407,1.70964246984117,11.7861604690552,11.7861604690552,24.7235162333733,12.7343851147505,5.20202046801991
"Igabi",591.722222222222,406.611111111111,8170,63,327043.78125,1.8093058365476,1.24329259390591,771.113831089351,0.811145510835913,0.572741727807608,45.2803255528463,6.89574407910466,15.3226175308228,15.3226175308228,8.54482944959937,2.77781361013623,0.508800379459898
"Ikara",970.222222222222,474.666666666667,6483,49,74738.8515625,12.9814976004933,6.3510029488442,755.822921486966,0.845659163987138,0.310300898386714,16.2424063597028,1.5092435410307,5.23091554641724,5.23091554641724,24.9303625586021,9.44533289681338,3.18531341718015
"Jaba",310.111111111111,570.944444444444,3477,37,23089.072265625,13.4310771582107,24.7279075519403,1064.13574920909,0.735849056603774,0.950809161333128,87.4234370384609,16.4371638614923,8.18732643127441,8.18732643127441,29.9535638350292,31.4809819253251,6.77376718305171
"Jemaa",316.222222222222,637.333333333333,4359,12,57505.2578125,5.49901407716991,11.0830445350129,275.292498279422,0.412921348314607,0.949419257334361,78.2412405710354,14.5151709746297,10.4949855804443,10.4949855804443,20.6914413034424,11.7832703612835,1.30075062429753
"Kachia",351.5,251.333333333333,3319,28,88330.0546875,3.97939298513468,2.84538863043295,843.6275986743,0.89419795221843,0.851325770449284,63.4806451184405,6.88061298079449,22.035364151001,22.035364151001,21.2287124690153,10.3430254088735,1.50647100964036
"Kaduna_North",552.333333333333,727.388888888889,3163,15,115941.4375,4.76389930333004,6.2737611726514,474.233322794815,0.785932721712538,0.89893837707001,81.890266566789,24.9982521050933,1.00017380714417,1.00017380714417,16.8809361191507,9.13219658847166,1.59275812555512
"Kaduna_South",860.277777777778,967.388888888889,4163,67,106085.25,8.10930622096642,9.11897637879808,1609.41628633197,0.611801242236025,0.914187588912729,84.2681952623716,24.6237825502851,0.393379867076874,0.393379867076874,16.0411870013346,10.0786867165794,2.39241553373348
"Kagarko",168.888888888889,133.777777777778,2542,13,86741.5234375,1.947036231276,1.54225764635283,511.408339889851,0.82,0.67365492812946,50.3972769015495,6.0612020612551,10.3796300888062,10.3796300888062,9.43492767439902,4.70439819933174,0.707081578726548
"Kajuru",839.333333333333,1239.44444444444,4110,22,44191.9375,18.9929064172245,28.0468455234497,535.279805352798,1.07731958762887,0.829532481078375,54.9519250202081,4.03880129270514,31.8321590423584,31.8321590423584,14.1111712968005,6.09764318811925,0.887039632512152
"Kaura",696.823529411765,887.176470588235,7597,1,34624.78515625,20.1249921484634,25.6225841282395,13.1630906936949,0.783783783783784,0.977251941216925,85.5628691428706,14.4676150386376,21.4779567718506,21.4779567718506,14.3866115294413,9.04361808803341,1.62889097348867
"Kauru",1202.55555555556,847.055555555556,8607,8,71445.40625,16.8318107303863,11.8559834706735,92.9476007900546,0.938636363636364,0.2077551730101,16.507705384217,3.11759771380067,36.5151138305664,36.5151138305664,16.6084855875531,6.89850744136075,1.06094994735928
"Kubau",369.611111111111,237.833333333333,4448,4,137902.703125,2.68023108130145,1.72464591297933,89.9280575539568,0.857142857142857,0.213790799532542,11.6262706293397,0.688283467809869,19.0525550842285,19.0525550842285,19.0240409159251,8.18934877809948,2.81551164602428
"Kudan",651.777777777778,478.833333333333,4527,6,43818.65234375,14.8744368645729,10.9276143313803,132.538104705103,0.87431693989071,0.276508855864913,12.4923430100533,0.320147671653187,3.9516270160675,3.9516270160675,28.1813018113689,11.077474409576,2.3034330800849
"Lere",467.777777777778,401.944444444444,6321,23,124939,3.74404931828955,3.2171255128058,363.866476823287,0.597826086956522,0.270561572995243,20.551059915101,1.12845984014024,20.4487533569336,20.4487533569336,22.43281387984,10.939204998706,3.27466470304175
"Makarfi",482.833333333333,217.722222222222,5922,12,56010.51171875,8.62040567952356,3.88716716811101,202.634245187437,0.609561752988048,0.452226497939738,19.3006900643755,1.47705965199012,5.12306547164917,5.12306547164917,32.8724009743986,10.9467547165451,3.95044894032982
"Sabon_Gari",1844,2135.94444444444,7218,10,143542.859375,12.8463373798527,14.880185985876,138.542532557495,0.733788395904437,0.859117872447456,74.0390034584479,24.1568576942874,3.29147028923035,3.29147028923035,15.3087842630045,8.15923554191077,3.81488847570896
"Sanga",417.444444444444,644.222222222222,5933,5,52463.7578125,7.95681555896829,12.2793762605531,84.2743974380583,0.767857142857143,0.929163824285305,66.9886532818614,4.54169376051999,11.6903066635132,11.6903066635132,18.2830975132982,8.24696294560089,3.03066357862221
"Soba",504.722222222222,382.333333333333,7579,11,130412.765625,3.87019031306754,2.93171708690488,145.137880986938,1.23837209302326,0.157270812888683,6.00009862106868,1.08464969001388,15.3593492507935,15.3593492507935,26.228516180456,11.1313233770451,6.93490392344404
"Zangon_Kataf",197.666666666667,275.444444444444,4875,168,113600.890625,1.740009832486,2.42466800153614,3446.15384615385,0.711864406779661,0.957756671926912,81.2132170886812,12.058573924289,11.8219327926636,11.8219327926636,12.2675094564207,8.73878125313627,0.967715417797442
"Zaria",526.111111111111,478.333333333333,5902,18,121485.171875,4.33066112506672,3.9373803893162,304.981362250085,0.950155763239875,0.664241311758898,51.6057611861285,13.9159225532011,6.70807790756226,6.70807790756226,27.0941159528514,18.3791977698924,4.31822247854065
